,Year,X,Region,Org,New_Name,Old_Name,Capacity,X.1,X.2,X.3,X.4,A5,PC
1,2019-20,December,Y56,R1H, BARTS HEALTH NHS TRUST , BARTS HEALTH NHS TRUST ,"1,828","1,623", -   ,205, -   ,GREATER LONDON,E1 1BB
2,2019-20,December,Y56,R1K, LONDON NORTH WEST HEALTHCARE NHS TRUST , LONDON NORTH WEST UNIVERSITY HEALTHCARE NHS TRUST ,"1,194","1,126", -   ,68, -   ,MIDDLESEX,HA1 3UJ
3,2019-20,December,Y56,RAL, ROYAL FREE LONDON NHS FOUNDATION TRUST , ROYAL FREE LONDON NHS FOUNDATION TRUST ,"1,073",984, -   ,87,2,GREATER LONDON,NW3 2QG
4,2019-20,December,Y56,RAN, ROYAL NATIONAL ORTHOPAEDIC HOSPITAL NHS TRUST , ROYAL NATIONAL ORTHOPAEDIC HOSPITAL NHS TRUST ,160,160, -   , -   , -   ,MIDDLESEX,HA7 4LP
5,2019-20,December,Y56,RAP, NORTH MIDDLESEX UNIVERSITY HOSPITAL NHS TRUST , NORTH MIDDLESEX UNIVERSITY HOSPITAL NHS TRUST ,524,475, -   ,49, -   ,GREATER LONDON,N18 1QX
6,2019-20,December,Y56,RAS, THE HILLINGDON HOSPITALS NHS FOUNDATION TRUST , THE HILLINGDON HOSPITALS NHS FOUNDATION TRUST ,457,386, -   ,71, -   ,MIDDLESEX,UB8 3NN
7,2019-20,December,Y56,RAT, NORTH EAST LONDON NHS FOUNDATION TRUST , NORTH EAST LONDON NHS FOUNDATION TRUST ,375,142,12, -   ,221,ESSEX,IG3 8XJ
8,2019-20,December,Y56,RAX, KINGSTON HOSPITAL NHS FOUNDATION TRUST , KINGSTON HOSPITAL NHS FOUNDATION TRUST ,431,376, -   ,55, -   ,SURREY,KT2 7QB
9,2019-20,December,Y56,RF4," BARKING, HAVERING AND REDBRIDGE UNIVERSITY HOSPITALS NHS TRUST "," BARKING, HAVERING AND REDBRIDGE UNIVERSITY HOSPITALS NHS TRUST ",981,919, -   ,62, -   ,ESSEX,RM7 0AG
10,2019-20,December,Y56,RJ1, GUY'S AND ST THOMAS' NHS FOUNDATION TRUST , GUY'S AND ST THOMAS' NHS FOUNDATION TRUST ,"1,145","1,047", -   ,98, -   ,GREATER LONDON,SE1 9RT
11,2019-20,December,Y56,RJ2, LEWISHAM AND GREENWICH NHS TRUST , LEWISHAM AND GREENWICH NHS TRUST ,"1,018",924, -   ,94, -   ,GREATER LONDON,SE13 6LH
12,2019-20,December,Y56,RJ6, CROYDON HEALTH SERVICES NHS TRUST , CROYDON HEALTH SERVICES NHS TRUST ,516,455, -   ,61, -   ,SURREY,CR7 7YE
13,2019-20,December,Y56,RJ7, ST GEORGE'S UNIVERSITY HOSPITALS NHS FOUNDATION TRUST , ST GEORGE'S UNIVERSITY HOSPITALS NHS FOUNDATION TRUST ,925,858, -   ,67, -   ,GREATER LONDON,SW17 0QT
14,2019-20,December,Y56,RJZ, KING'S COLLEGE HOSPITAL NHS FOUNDATION TRUST , KING'S COLLEGE HOSPITAL NHS FOUNDATION TRUST ,"1,430","1,311", -   ,118, -   ,GREATER LONDON,SE5 9RS
15,2019-20,December,Y56,RKE, WHITTINGTON HEALTH NHS TRUST , WHITTINGTON HEALTH NHS TRUST ,330,265, -   ,54,11,GREATER LONDON,N19 5NF
16,2019-20,December,Y56,RKL, WEST LONDON NHS TRUST , WEST LONDON NHS TRUST ,803,70, -   , -   ,733,MIDDLESEX,UB1 3EU
17,2019-20,December,Y56,RP4, GREAT ORMOND STREET HOSPITAL FOR CHILDREN NHS FOUNDATION TRUST , GREAT ORMOND STREET HOSPITAL FOR CHILDREN NHS FOUNDATION TRUST ,235,228, -   , -   ,7,GREATER LONDON,WC1N 3JH
18,2019-20,December,Y56,RP6, MOORFIELDS EYE HOSPITAL NHS FOUNDATION TRUST , MOORFIELDS EYE HOSPITAL NHS FOUNDATION TRUST ,7,7, -   , -   , -   ,GREATER LONDON,EC1V 2PD
19,2019-20,December,Y56,RPG, OXLEAS NHS FOUNDATION TRUST , OXLEAS NHS FOUNDATION TRUST ,398, -   ,12, -   ,386,KENT,DA2 7WG
20,2019-20,December,Y56,RPY, THE ROYAL MARSDEN NHS FOUNDATION TRUST , THE ROYAL MARSDEN NHS FOUNDATION TRUST ,190,190, -   , -   , -   ,GREATER LONDON,SW3 6JJ
21,2019-20,December,Y56,RQM, CHELSEA AND WESTMINSTER HOSPITAL NHS FOUNDATION TRUST , CHELSEA AND WESTMINSTER HOSPITAL NHS FOUNDATION TRUST ,872,741, -   ,131, -   ,GREATER LONDON,SW10 9NH
22,2019-20,December,Y56,RQX, HOMERTON UNIVERSITY HOSPITAL NHS FOUNDATION TRUST , HOMERTON UNIVERSITY HOSPITAL NHS FOUNDATION TRUST ,308,267, -   ,41, -   ,GREATER LONDON,E9 6SR
23,2019-20,December,Y56,RQY, SOUTH WEST LONDON AND ST GEORGE'S MENTAL HEALTH NHS TRUST , SOUTH WEST LONDON AND ST GEORGE'S MENTAL HEALTH NHS TRUST ,369, -   , -   , -   ,369,GREATER LONDON,SW17 7DJ
24,2019-20,December,Y56,RRP," BARNET, ENFIELD AND HARINGEY MENTAL HEALTH NHS TRUST "," BARNET, ENFIELD AND HARINGEY MENTAL HEALTH NHS TRUST ",489, -   , -   , -   ,489,GREATER LONDON,N15 3TH
25,2019-20,December,Y56,RRV, UNIVERSITY COLLEGE LONDON HOSPITALS NHS FOUNDATION TRUST , UNIVERSITY COLLEGE LONDON HOSPITALS NHS FOUNDATION TRUST ,903,807, -   ,84,12,GREATER LONDON,NW1 2PG
26,2019-20,December,Y56,RT3, ROYAL BROMPTON & HAREFIELD NHS FOUNDATION TRUST , ROYAL BROMPTON & HAREFIELD NHS FOUNDATION TRUST ,401,401, -   , -   , -   ,GREATER LONDON,SW3 6NP
27,2019-20,December,Y56,RV3, CENTRAL AND NORTH WEST LONDON NHS FOUNDATION TRUST , CENTRAL AND NORTH WEST LONDON NHS FOUNDATION TRUST ,836,73,21, -   ,742,GREATER LONDON,NW1 2PL
28,2019-20,December,Y56,RVR, EPSOM AND ST HELIER UNIVERSITY HOSPITALS NHS TRUST , EPSOM AND ST HELIER UNIVERSITY HOSPITALS NHS TRUST ,849,754, -   ,95, -   ,SURREY,SM5 1AA
29,2019-20,December,Y56,RWK, EAST LONDON NHS FOUNDATION TRUST , EAST LONDON NHS FOUNDATION TRUST ,913,48,7, -   ,858,GREATER LONDON,E1 6LP
30,2019-20,December,Y56,RYJ, IMPERIAL COLLEGE HEALTHCARE NHS TRUST , IMPERIAL COLLEGE HEALTHCARE NHS TRUST ,"1,206","1,063", -   ,143, -   ,GREATER LONDON,W2 1NY
31,2019-20,December,Y56,RYX, CENTRAL LONDON COMMUNITY HEALTHCARE NHS TRUST , CENTRAL LONDON COMMUNITY HEALTHCARE NHS TRUST , -   , -   , -   , -   , -   ,GREATER LONDON,SW1E 6QP
32,2019-20,December,Y56,TAF, CAMDEN AND ISLINGTON NHS FOUNDATION TRUST , CAMDEN AND ISLINGTON NHS FOUNDATION TRUST ,194, -   ,4, -   ,190,NA,NA
33,2019-20,December,Y58,RA3, WESTON AREA HEALTH NHS TRUST , WESTON AREA HEALTH NHS TRUST ,259,259, -   , -   , -   ,AVON,BS23 4TQ
34,2019-20,December,Y58,RA4, YEOVIL DISTRICT HOSPITAL NHS FOUNDATION TRUST , YEOVIL DISTRICT HOSPITAL NHS FOUNDATION TRUST ,352,328, -   ,24, -   ,SOMERSET,BA21 4AT
35,2019-20,December,Y58,RA7, UNIVERSITY HOSPITALS BRISTOL NHS FOUNDATION TRUST , UNIVERSITY HOSPITALS BRISTOL NHS FOUNDATION TRUST ,820,748, -   ,72, -   ,AVON,BS1 3NU
36,2019-20,December,Y58,RA9, TORBAY AND SOUTH DEVON NHS FOUNDATION TRUST , TORBAY AND SOUTH DEVON NHS FOUNDATION TRUST ,381,361, -   ,20, -   ,DEVON,TQ2 7AA
37,2019-20,December,Y58,RBA, TAUNTON AND SOMERSET NHS FOUNDATION TRUST , TAUNTON AND SOMERSET NHS FOUNDATION TRUST ,615,570, -   ,45, -   ,SOMERSET,TA1 5DA
38,2019-20,December,Y58,RBD, DORSET COUNTY HOSPITAL NHS FOUNDATION TRUST , DORSET COUNTY HOSPITAL NHS FOUNDATION TRUST ,328,297, -   ,31, -   ,DORSET,DT1 2JY
39,2019-20,December,Y58,RBZ, NORTHERN DEVON HEALTHCARE NHS TRUST , NORTHERN DEVON HEALTHCARE NHS TRUST ,293,281, -   ,12, -   ,DEVON,EX31 4JB
40,2019-20,December,Y58,RD1, ROYAL UNITED HOSPITALS BATH NHS FOUNDATION TRUST , ROYAL UNITED HOSPITALS BATH NHS FOUNDATION TRUST ,642,613, -   ,30, -   ,AVON,BA1 3NG
41,2019-20,December,Y58,RD3, POOLE HOSPITAL NHS FOUNDATION TRUST , POOLE HOSPITAL NHS FOUNDATION TRUST ,572,513, -   ,59, -   ,DORSET,BH15 2JB
42,2019-20,December,Y58,RDY, DORSET HEALTHCARE UNIVERSITY NHS FOUNDATION TRUST , DORSET HEALTHCARE UNIVERSITY NHS FOUNDATION TRUST ,235, -   , -   , -   ,235,DORSET,BH17 0RB
43,2019-20,December,Y58,RDZ, THE ROYAL BOURNEMOUTH AND CHRISTCHURCH HOSPITALS NHS FOUNDATION TRUST , THE ROYAL BOURNEMOUTH AND CHRISTCHURCH HOSPITALS NHS FOUNDATION TRUST ,570,567, -   ,3, -   ,DORSET,BH7 7DW
44,2019-20,December,Y58,REF, ROYAL CORNWALL HOSPITALS NHS TRUST , ROYAL CORNWALL HOSPITALS NHS TRUST ,747,698, -   ,49, -   ,CORNWALL,TR1 3LJ
45,2019-20,December,Y58,RH5, SOMERSET PARTNERSHIP NHS FOUNDATION TRUST , SOMERSET PARTNERSHIP NHS FOUNDATION TRUST ,321,190, -   , -   ,131,SOMERSET,TA6 4RN
46,2019-20,December,Y58,RH8, ROYAL DEVON AND EXETER NHS FOUNDATION TRUST , ROYAL DEVON AND EXETER NHS FOUNDATION TRUST ,830,782, -   ,48, -   ,DEVON,EX2 5DW
47,2019-20,December,Y58,RJ8, CORNWALL PARTNERSHIP NHS FOUNDATION TRUST , CORNWALL PARTNERSHIP NHS FOUNDATION TRUST ,253,120, -   , -   ,133,CORNWALL,PL26 6AD
48,2019-20,December,Y58,RK9, UNIVERSITY HOSPITALS PLYMOUTH NHS TRUST , UNIVERSITY HOSPITALS PLYMOUTH NHS TRUST ,938,877, -   ,61, -   ,DEVON,PL6 8DH
49,2019-20,December,Y58,RN3, GREAT WESTERN HOSPITALS NHS FOUNDATION TRUST , GREAT WESTERN HOSPITALS NHS FOUNDATION TRUST ,642,612, -   ,30, -   ,WILTSHIRE,SN3 6BB
50,2019-20,December,Y58,RNZ, SALISBURY NHS FOUNDATION TRUST , SALISBURY NHS FOUNDATION TRUST ,454,430, -   ,24, -   ,WILTSHIRE,SP2 8BJ
51,2019-20,December,Y58,RTE, GLOUCESTERSHIRE HOSPITALS NHS FOUNDATION TRUST , GLOUCESTERSHIRE HOSPITALS NHS FOUNDATION TRUST ,962,916, -   ,46, -   ,GLOUCESTERSHIRE,GL53 7AG
52,2019-20,December,Y58,RTQ, GLOUCESTERSHIRE HEALTH AND CARE NHS FOUNDATION TRUST , GLOUCESTERSHIRE HEALTH AND CARE NHS FOUNDATION TRUST ,215, -   ,7, -   ,208,GLOUCESTERSHIRE,GL1 1LY
53,2019-20,December,Y58,RVJ, NORTH BRISTOL NHS TRUST , NORTH BRISTOL NHS TRUST ,942,875, -   ,55,12,AVON,BS10 5NB
54,2019-20,December,Y58,RVN, AVON AND WILTSHIRE MENTAL HEALTH PARTNERSHIP NHS TRUST , AVON AND WILTSHIRE MENTAL HEALTH PARTNERSHIP NHS TRUST ,539, -   ,5, -   ,534,WILTSHIRE,SN15 1GG
55,2019-20,December,Y58,RWV, DEVON PARTNERSHIP NHS TRUST , DEVON PARTNERSHIP NHS TRUST ,288, -   ,5, -   ,283,DEVON,EX2 5AF
56,2019-20,December,Y59,R1C, SOLENT NHS TRUST , SOLENT NHS TRUST ,135,73,10, -   ,52,HAMPSHIRE,SO19 8BR
57,2019-20,December,Y59,R1F, ISLE OF WIGHT NHS TRUST , ISLE OF WIGHT NHS TRUST ,283,226, -   ,16,41,ISLE OF WIGHT,PO30 5TG
58,2019-20,December,Y59,RA2, ROYAL SURREY COUNTY HOSPITAL NHS FOUNDATION TRUST , ROYAL SURREY COUNTY HOSPITAL NHS FOUNDATION TRUST ,511,449, -   ,62, -   ,SURREY,GU2 7XX
59,2019-20,December,Y59,RDU, FRIMLEY HEALTH NHS FOUNDATION TRUST , FRIMLEY HEALTH NHS FOUNDATION TRUST ,"1,407","1,329", -   ,77, -   ,SURREY,GU16 7UJ
60,2019-20,December,Y59,RHM, UNIVERSITY HOSPITAL SOUTHAMPTON NHS FOUNDATION TRUST , UNIVERSITY HOSPITAL SOUTHAMPTON NHS FOUNDATION TRUST ,"1,155","1,096", -   ,58, -   ,HAMPSHIRE,SO16 6YD
61,2019-20,December,Y59,RHU, PORTSMOUTH HOSPITALS NHS TRUST , PORTSMOUTH HOSPITALS NHS TRUST ,"1,037",990, -   ,46, -   ,HAMPSHIRE,PO6 3LY
62,2019-20,December,Y59,RHW, ROYAL BERKSHIRE NHS FOUNDATION TRUST , ROYAL BERKSHIRE NHS FOUNDATION TRUST ,578,522, -   ,56, -   ,BERKSHIRE,RG1 5AN
63,2019-20,December,Y59,RN5, HAMPSHIRE HOSPITALS NHS FOUNDATION TRUST , HAMPSHIRE HOSPITALS NHS FOUNDATION TRUST ,836,757,4,75, -   ,HAMPSHIRE,RG24 9NA
64,2019-20,December,Y59,RN7, DARTFORD AND GRAVESHAM NHS TRUST , DARTFORD AND GRAVESHAM NHS TRUST ,528,492, -   ,36, -   ,KENT,DA2 8DA
65,2019-20,December,Y59,RNU, OXFORD HEALTH NHS FOUNDATION TRUST , OXFORD HEALTH NHS FOUNDATION TRUST ,540,138,9, -   ,393,OXFORDSHIRE,OX4 2GX
66,2019-20,December,Y59,RPA, MEDWAY NHS FOUNDATION TRUST , MEDWAY NHS FOUNDATION TRUST ,497,451, -   ,46, -   ,KENT,ME7 5NY
67,2019-20,December,Y59,RPC, QUEEN VICTORIA HOSPITAL NHS FOUNDATION TRUST , QUEEN VICTORIA HOSPITAL NHS FOUNDATION TRUST ,65,65, -   , -   , -   ,WEST SUSSEX,RH19 3DZ
68,2019-20,December,Y59,RTH, OXFORD UNIVERSITY HOSPITALS NHS FOUNDATION TRUST , OXFORD UNIVERSITY HOSPITALS NHS FOUNDATION TRUST ,"1,008",922, -   ,86, -   ,OXFORDSHIRE,OX3 9DU
69,2019-20,December,Y59,RTK, ASHFORD AND ST PETER'S HOSPITALS NHS FOUNDATION TRUST , ASHFORD AND ST PETER'S HOSPITALS NHS FOUNDATION TRUST ,516,462, -   ,55, -   ,SURREY,KT16 0PZ
70,2019-20,December,Y59,RTP, SURREY AND SUSSEX HEALTHCARE NHS TRUST , SURREY AND SUSSEX HEALTHCARE NHS TRUST ,742,700, -   ,42,0,SURREY,RH1 5RH
71,2019-20,December,Y59,RVV, EAST KENT HOSPITALS UNIVERSITY NHS FOUNDATION TRUST , EAST KENT HOSPITALS UNIVERSITY NHS FOUNDATION TRUST ,"1,052","1,002", -   ,50, -   ,KENT,CT1 3NG
72,2019-20,December,Y59,RW1, SOUTHERN HEALTH NHS FOUNDATION TRUST , SOUTHERN HEALTH NHS FOUNDATION TRUST ,596,98,6, -   ,492,HAMPSHIRE,SO40 2RZ
73,2019-20,December,Y59,RWF, MAIDSTONE AND TUNBRIDGE WELLS NHS TRUST , MAIDSTONE AND TUNBRIDGE WELLS NHS TRUST ,748,701, -   ,47, -   ,KENT,ME16 9QQ
74,2019-20,December,Y59,RWX, BERKSHIRE HEALTHCARE NHS FOUNDATION TRUST , BERKSHIRE HEALTHCARE NHS FOUNDATION TRUST ,204,46,9, -   ,149,BERKSHIRE,RG12 1BQ
75,2019-20,December,Y59,RX2, SUSSEX PARTNERSHIP NHS FOUNDATION TRUST , SUSSEX PARTNERSHIP NHS FOUNDATION TRUST ,574, -   ,10, -   ,564,WEST SUSSEX,PO19 1BX
76,2019-20,December,Y59,RXC, EAST SUSSEX HEALTHCARE NHS TRUST , EAST SUSSEX HEALTHCARE NHS TRUST ,750,718, -   ,32, -   ,EAST SUSSEX,TN37 7PT
77,2019-20,December,Y59,RXH, BRIGHTON AND SUSSEX UNIVERSITY HOSPITALS NHS TRUST , BRIGHTON AND SUSSEX UNIVERSITY HOSPITALS NHS TRUST ,929,858, -   ,71, -   ,EAST SUSSEX,BN2 5BE
78,2019-20,December,Y59,RXQ, BUCKINGHAMSHIRE HEALTHCARE NHS TRUST , BUCKINGHAMSHIRE HEALTHCARE NHS TRUST ,601,544, -   ,57, -   ,BUCKINGHAMSHIRE,HP7 0JD
79,2019-20,December,Y59,RXX, SURREY AND BORDERS PARTNERSHIP NHS FOUNDATION TRUST , SURREY AND BORDERS PARTNERSHIP NHS FOUNDATION TRUST ,194, -   ,7, -   ,187,SURREY,KT22 7AD
80,2019-20,December,Y59,RXY, KENT AND MEDWAY NHS AND SOCIAL CARE PARTNERSHIP TRUST , KENT AND MEDWAY NHS AND SOCIAL CARE PARTNERSHIP TRUST ,458, -   , -   , -   ,458,KENT,ME19 4AX
81,2019-20,December,Y59,RYR, WESTERN SUSSEX HOSPITALS NHS FOUNDATION TRUST , WESTERN SUSSEX HOSPITALS NHS FOUNDATION TRUST ,998,938, -   ,60, -   ,WEST SUSSEX,BN11 2DH
82,2019-20,December,Y60,R1A, WORCESTERSHIRE HEALTH AND CARE NHS TRUST , WORCESTERSHIRE HEALTH AND CARE NHS TRUST ,156,37, -   , -   ,119,WORCESTERSHIRE,WR4 9RW
83,2019-20,December,Y60,RBK, WALSALL HEALTHCARE NHS TRUST , WALSALL HEALTHCARE NHS TRUST ,517,486, -   ,31, -   ,WEST MIDLANDS,WS2 9PS
84,2019-20,December,Y60,RFS, CHESTERFIELD ROYAL HOSPITAL NHS FOUNDATION TRUST , CHESTERFIELD ROYAL HOSPITAL NHS FOUNDATION TRUST ,552,521, -   ,31, -   ,DERBYSHIRE,S44 5BL
85,2019-20,December,Y60,RHA, NOTTINGHAMSHIRE HEALTHCARE NHS FOUNDATION TRUST , NOTTINGHAMSHIRE HEALTHCARE NHS FOUNDATION TRUST ,"1,009",102,68, -   ,839,NOTTINGHAMSHIRE,NG3 6AA
86,2019-20,December,Y60,RJC, SOUTH WARWICKSHIRE NHS FOUNDATION TRUST , SOUTH WARWICKSHIRE NHS FOUNDATION TRUST ,512,472, -   ,40, -   ,WARWICKSHIRE,CV34 5BW
87,2019-20,December,Y60,RJE, UNIVERSITY HOSPITALS OF NORTH MIDLANDS NHS TRUST , UNIVERSITY HOSPITALS OF NORTH MIDLANDS NHS TRUST ,"1,452","1,388", -   ,64, -   ,STAFFORDSHIRE,ST4 6QG
88,2019-20,December,Y60,RK5, SHERWOOD FOREST HOSPITALS NHS FOUNDATION TRUST , SHERWOOD FOREST HOSPITALS NHS FOUNDATION TRUST ,637,589, -   ,48, -   ,NOTTINGHAMSHIRE,NG17 4JL
89,2019-20,December,Y60,RKB, UNIVERSITY HOSPITALS COVENTRY AND WARWICKSHIRE NHS TRUST , UNIVERSITY HOSPITALS COVENTRY AND WARWICKSHIRE NHS TRUST ,"1,162","1,092", -   ,70, -   ,WEST MIDLANDS,CV2 2DX
90,2019-20,December,Y60,RL1, THE ROBERT JONES AND AGNES HUNT ORTHOPAEDIC HOSPITAL NHS FOUNDATION TRUST , THE ROBERT JONES AND AGNES HUNT ORTHOPAEDIC HOSPITAL NHS FOUNDATION TRUST ,168,168, -   , -   , -   ,SHROPSHIRE,SY10 7AG
91,2019-20,December,Y60,RL4, THE ROYAL WOLVERHAMPTON NHS TRUST , THE ROYAL WOLVERHAMPTON NHS TRUST ,859,823, -   ,36, -   ,WEST MIDLANDS,WV10 0QP
92,2019-20,December,Y60,RLQ, WYE VALLEY NHS TRUST , WYE VALLEY NHS TRUST ,275,258, -   ,17, -   ,HEREFORDSHIRE,HR1 2ER
93,2019-20,December,Y60,RLT, GEORGE ELIOT HOSPITAL NHS TRUST , GEORGE ELIOT HOSPITAL NHS TRUST ,322,308, -   ,14, -   ,WARWICKSHIRE,CV10 7DJ
94,2019-20,December,Y60,RLY, NORTH STAFFORDSHIRE COMBINED HEALTHCARE NHS TRUST , NORTH STAFFORDSHIRE COMBINED HEALTHCARE NHS TRUST ,184, -   ,12, -   ,172,STAFFORDSHIRE,ST4 8HH
95,2019-20,December,Y60,RNA, THE DUDLEY GROUP NHS FOUNDATION TRUST , THE DUDLEY GROUP NHS FOUNDATION TRUST ,684,635, -   ,49, -   ,WEST MIDLANDS,DY1 2HQ
96,2019-20,December,Y60,RNQ, KETTERING GENERAL HOSPITAL NHS FOUNDATION TRUST , KETTERING GENERAL HOSPITAL NHS FOUNDATION TRUST ,593,544, -   ,49, -   ,NORTHAMPTONSHIRE,NN16 8UZ
97,2019-20,December,Y60,RNS, NORTHAMPTON GENERAL HOSPITAL NHS TRUST , NORTHAMPTON GENERAL HOSPITAL NHS TRUST ,801,731, -   ,70, -   ,NORTHAMPTONSHIRE,NN1 5BD
98,2019-20,December,Y60,RP1, NORTHAMPTONSHIRE HEALTHCARE NHS FOUNDATION TRUST , NORTHAMPTONSHIRE HEALTHCARE NHS FOUNDATION TRUST ,326,123, -   , -   ,203,NORTHAMPTONSHIRE,NN15 7PW
99,2019-20,December,Y60,RP7, LINCOLNSHIRE PARTNERSHIP NHS FOUNDATION TRUST , LINCOLNSHIRE PARTNERSHIP NHS FOUNDATION TRUST ,215, -   , -   , -   ,215,LINCOLNSHIRE,NG34 8GG
100,2019-20,December,Y60,RQ3, BIRMINGHAM WOMEN'S AND CHILDREN'S NHS FOUNDATION TRUST , BIRMINGHAM WOMEN'S AND CHILDREN'S NHS FOUNDATION TRUST ,383,241, -   ,108,34,WEST MIDLANDS,B4 6NH
101,2019-20,December,Y60,RRE, MIDLANDS PARTNERSHIP NHS FOUNDATION TRUST , MIDLANDS PARTNERSHIP NHS FOUNDATION TRUST ,426,147,12, -   ,267,STAFFORDSHIRE,ST16 3SR
102,2019-20,December,Y60,RRJ, THE ROYAL ORTHOPAEDIC HOSPITAL NHS FOUNDATION TRUST , THE ROYAL ORTHOPAEDIC HOSPITAL NHS FOUNDATION TRUST ,96,96, -   , -   , -   ,WEST MIDLANDS,B31 2AP
103,2019-20,December,Y60,RRK, UNIVERSITY HOSPITALS BIRMINGHAM NHS FOUNDATION TRUST , UNIVERSITY HOSPITALS BIRMINGHAM NHS FOUNDATION TRUST ,"2,670","2,569", -   ,101, -   ,WEST MIDLANDS,B15 2TH
104,2019-20,December,Y60,RTG, UNIVERSITY HOSPITALS OF DERBY AND BURTON NHS FOUNDATION TRUST , UNIVERSITY HOSPITALS OF DERBY AND BURTON NHS FOUNDATION TRUST ,"1,506","1,407", -   ,99, -   ,DERBYSHIRE,DE22 3NE
105,2019-20,December,Y60,RWD, UNITED LINCOLNSHIRE HOSPITALS NHS TRUST , UNITED LINCOLNSHIRE HOSPITALS NHS TRUST ,"1,302","1,161", -   ,141, -   ,LINCOLNSHIRE,LN2 4AX
106,2019-20,December,Y60,RWE, UNIVERSITY HOSPITALS OF LEICESTER NHS TRUST , UNIVERSITY HOSPITALS OF LEICESTER NHS TRUST ,"1,707","1,583", -   ,124, -   ,LEICESTERSHIRE,LE5 4QF
107,2019-20,December,Y60,RWP, WORCESTERSHIRE ACUTE HOSPITALS NHS TRUST , WORCESTERSHIRE ACUTE HOSPITALS NHS TRUST ,846,780, -   ,66, -   ,WORCESTERSHIRE,WR5 1DD
108,2019-20,December,Y60,RX1, NOTTINGHAM UNIVERSITY HOSPITALS NHS TRUST , NOTTINGHAM UNIVERSITY HOSPITALS NHS TRUST ,"1,672","1,564", -   ,108, -   ,NOTTINGHAMSHIRE,NG7 2UH
109,2019-20,December,Y60,RXK, SANDWELL AND WEST BIRMINGHAM HOSPITALS NHS TRUST , SANDWELL AND WEST BIRMINGHAM HOSPITALS NHS TRUST ,706,644, -   ,62, -   ,WEST MIDLANDS,B18 7QH
110,2019-20,December,Y60,RXM, DERBYSHIRE HEALTHCARE NHS FOUNDATION TRUST , DERBYSHIRE HEALTHCARE NHS FOUNDATION TRUST ,271, -   , -   , -   ,271,DERBYSHIRE,DE22 3LZ
111,2019-20,December,Y60,RXT, BIRMINGHAM AND SOLIHULL MENTAL HEALTH NHS FOUNDATION TRUST , BIRMINGHAM AND SOLIHULL MENTAL HEALTH NHS FOUNDATION TRUST ,677, -   , -   , -   ,677,WEST MIDLANDS,B1 3RB
112,2019-20,December,Y60,RXW, SHREWSBURY AND TELFORD HOSPITAL NHS TRUST , SHREWSBURY AND TELFORD HOSPITAL NHS TRUST ,759,722, -   ,37, -   ,SHROPSHIRE,SY3 8XQ
113,2019-20,December,Y60,RY5, LINCOLNSHIRE COMMUNITY HEALTH SERVICES NHS TRUST , LINCOLNSHIRE COMMUNITY HEALTH SERVICES NHS TRUST ,24,24, -   , -   , -   ,LINCOLNSHIRE,LN5 7JH
114,2019-20,December,Y60,RY8, DERBYSHIRE COMMUNITY HEALTH SERVICES NHS FOUNDATION TRUST , DERBYSHIRE COMMUNITY HEALTH SERVICES NHS FOUNDATION TRUST ,52, -   ,20, -   ,32,DERBYSHIRE,DE45 1AD
115,2019-20,December,Y60,RYG, COVENTRY AND WARWICKSHIRE PARTNERSHIP NHS TRUST , COVENTRY AND WARWICKSHIRE PARTNERSHIP NHS TRUST ,317, -   ,70, -   ,247,WEST MIDLANDS,CV6 6NY
116,2019-20,December,Y60,RYK, DUDLEY AND WALSALL MENTAL HEALTH PARTNERSHIP NHS TRUST , DUDLEY AND WALSALL MENTAL HEALTH PARTNERSHIP NHS TRUST ,163, -   , -   , -   ,163,WEST MIDLANDS,DY2 8PS
117,2019-20,December,Y60,RYW, BIRMINGHAM COMMUNITY HEALTHCARE NHS FOUNDATION TRUST , BIRMINGHAM COMMUNITY HEALTHCARE NHS FOUNDATION TRUST ,154,154, -   , -   , -   ,WEST MIDLANDS,B7 4BN
118,2019-20,December,Y60,TAJ, BLACK COUNTRY PARTNERSHIP NHS FOUNDATION TRUST , BLACK COUNTRY PARTNERSHIP NHS FOUNDATION TRUST ,193, -   ,39, -   ,154,WEST MIDLANDS,NA
119,2019-20,December,Y61,R1L, ESSEX PARTNERSHIP UNIVERSITY NHS FOUNDATION TRUST , ESSEX PARTNERSHIP UNIVERSITY NHS FOUNDATION TRUST ,782,156,12, -   ,614,ESSEX,NA
120,2019-20,December,Y61,RAJ, SOUTHEND UNIVERSITY HOSPITAL NHS FOUNDATION TRUST , SOUTHEND UNIVERSITY HOSPITAL NHS FOUNDATION TRUST ,580,549, -   ,31, -   ,ESSEX,SS0 0RY
121,2019-20,December,Y61,RC1, BEDFORD HOSPITAL NHS TRUST , BEDFORD HOSPITAL NHS TRUST ,407,384, -   ,22, -   ,BEDFORDSHIRE,MK42 9DJ
122,2019-20,December,Y61,RC9, LUTON AND DUNSTABLE UNIVERSITY HOSPITAL NHS FOUNDATION TRUST , LUTON AND DUNSTABLE UNIVERSITY HOSPITAL NHS FOUNDATION TRUST ,728,648, -   ,80, -   ,BEDFORDSHIRE,LU4 0DZ
123,2019-20,December,Y61,RCX," THE QUEEN ELIZABETH HOSPITAL, KING'S LYNN, NHS FOUNDATION TRUST "," THE QUEEN ELIZABETH HOSPITAL, KING'S LYNN, NHS FOUNDATION TRUST ",504,479, -   ,25, -   ,NORFOLK,PE30 4ET
124,2019-20,December,Y61,RD8, MILTON KEYNES UNIVERSITY HOSPITAL NHS FOUNDATION TRUST , MILTON KEYNES UNIVERSITY HOSPITAL NHS FOUNDATION TRUST ,541,488, -   ,53, -   ,BUCKINGHAMSHIRE,MK6 5LD
125,2019-20,December,Y61,RDD, BASILDON AND THURROCK UNIVERSITY HOSPITALS NHS FOUNDATION TRUST , BASILDON AND THURROCK UNIVERSITY HOSPITALS NHS FOUNDATION TRUST ,697,642, -   ,55, -   ,ESSEX,SS16 5NL
126,2019-20,December,Y61,RDE, EAST SUFFOLK AND NORTH ESSEX NHS FOUNDATION TRUST , EAST SUFFOLK AND NORTH ESSEX NHS FOUNDATION TRUST ,"1,233","1,161", -   ,72, -   ,ESSEX,CO4 5JL
127,2019-20,December,Y61,RGM, ROYAL PAPWORTH HOSPITAL NHS FOUNDATION TRUST , ROYAL PAPWORTH HOSPITAL NHS FOUNDATION TRUST ,234,234, -   , -   , -   ,CAMBRIDGESHIRE,CB23 3RE
128,2019-20,December,Y61,RGN, NORTH WEST ANGLIA NHS FOUNDATION TRUST , NORTH WEST ANGLIA NHS FOUNDATION TRUST ,"1,009",900, -   ,109, -   ,CAMBRIDGESHIRE,PE3 9GZ
129,2019-20,December,Y61,RGP, JAMES PAGET UNIVERSITY HOSPITALS NHS FOUNDATION TRUST , JAMES PAGET UNIVERSITY HOSPITALS NHS FOUNDATION TRUST ,466,428, -   ,38, -   ,NORFOLK,NR31 6LA
130,2019-20,December,Y61,RGR, WEST SUFFOLK NHS FOUNDATION TRUST , WEST SUFFOLK NHS FOUNDATION TRUST ,477,429, -   ,48, -   ,SUFFOLK,IP33 2QZ
131,2019-20,December,Y61,RGT, CAMBRIDGE UNIVERSITY HOSPITALS NHS FOUNDATION TRUST , CAMBRIDGE UNIVERSITY HOSPITALS NHS FOUNDATION TRUST ,990,933, -   ,57, -   ,CAMBRIDGESHIRE,CB2 0QQ
132,2019-20,December,Y61,RM1, NORFOLK AND NORWICH UNIVERSITY HOSPITALS NHS FOUNDATION TRUST , NORFOLK AND NORWICH UNIVERSITY HOSPITALS NHS FOUNDATION TRUST ,988,900, -   ,88, -   ,NORFOLK,NR4 7UY
133,2019-20,December,Y61,RMY, NORFOLK AND SUFFOLK NHS FOUNDATION TRUST , NORFOLK AND SUFFOLK NHS FOUNDATION TRUST ,415, -   ,6, -   ,409,NORFOLK,NR6 5BE
134,2019-20,December,Y61,RQ8, MID ESSEX HOSPITAL SERVICES NHS TRUST , MID ESSEX HOSPITAL SERVICES NHS TRUST ,580,525, -   ,55, -   ,ESSEX,CM1 7ET
135,2019-20,December,Y61,RQW, THE PRINCESS ALEXANDRA HOSPITAL NHS TRUST , THE PRINCESS ALEXANDRA HOSPITAL NHS TRUST ,482,420, -   ,62, -   ,ESSEX,CM20 1QX
136,2019-20,December,Y61,RT1, CAMBRIDGESHIRE AND PETERBOROUGH NHS FOUNDATION TRUST , CAMBRIDGESHIRE AND PETERBOROUGH NHS FOUNDATION TRUST ,297,68,10, -   ,219,CAMBRIDGESHIRE,CB21 5EF
137,2019-20,December,Y61,RWG, WEST HERTFORDSHIRE HOSPITALS NHS TRUST , WEST HERTFORDSHIRE HOSPITALS NHS TRUST ,774,702, -   ,72, -   ,HERTFORDSHIRE,WD18 0HB
138,2019-20,December,Y61,RWH, EAST AND NORTH HERTFORDSHIRE NHS TRUST , EAST AND NORTH HERTFORDSHIRE NHS TRUST ,624,549, -   ,75, -   ,HERTFORDSHIRE,SG1 4AB
139,2019-20,December,Y61,RWR, HERTFORDSHIRE PARTNERSHIP UNIVERSITY NHS FOUNDATION TRUST , HERTFORDSHIRE PARTNERSHIP UNIVERSITY NHS FOUNDATION TRUST ,401, -   ,65, -   ,336,HERTFORDSHIRE,AL3 5TL
140,2019-20,December,Y61,RY3, NORFOLK COMMUNITY HEALTH AND CARE NHS TRUST , NORFOLK COMMUNITY HEALTH AND CARE NHS TRUST ,79,74,5, -   , -   ,NORFOLK,NR1 3FR
141,2019-20,December,Y62,R0A, MANCHESTER UNIVERSITY NHS FOUNDATION TRUST , MANCHESTER UNIVERSITY NHS FOUNDATION TRUST ,"2,125","1,963", -   ,150,12,GREATER MANCHESTER,NA
142,2019-20,December,Y62,RBL, WIRRAL UNIVERSITY TEACHING HOSPITAL NHS FOUNDATION TRUST , WIRRAL UNIVERSITY TEACHING HOSPITAL NHS FOUNDATION TRUST ,783,751, -   ,32, -   ,MERSEYSIDE,CH49 5PE
143,2019-20,December,Y62,RBN, ST HELENS AND KNOWSLEY TEACHING HOSPITALS NHS TRUST , ST HELENS AND KNOWSLEY TEACHING HOSPITALS NHS TRUST ,722,685, -   ,37, -   ,MERSEYSIDE,L35 5DR
144,2019-20,December,Y62,RBQ, LIVERPOOL HEART AND CHEST HOSPITAL NHS FOUNDATION TRUST , LIVERPOOL HEART AND CHEST HOSPITAL NHS FOUNDATION TRUST ,141,141, -   , -   , -   ,MERSEYSIDE,L14 3PE
145,2019-20,December,Y62,RBS, ALDER HEY CHILDREN'S NHS FOUNDATION TRUST , ALDER HEY CHILDREN'S NHS FOUNDATION TRUST ,246,239, -   , -   ,7,MERSEYSIDE,L12 2AP
146,2019-20,December,Y62,RBT, MID CHESHIRE HOSPITALS NHS FOUNDATION TRUST , MID CHESHIRE HOSPITALS NHS FOUNDATION TRUST ,549,513, -   ,36, -   ,CHESHIRE,CW1 4QJ
147,2019-20,December,Y62,RBV, THE CHRISTIE NHS FOUNDATION TRUST , THE CHRISTIE NHS FOUNDATION TRUST ,167,167, -   , -   , -   ,GREATER MANCHESTER,M20 4BX
148,2019-20,December,Y62,REM, LIVERPOOL UNIVERSITY HOSPITALS NHS FOUNDATION TRUST , LIVERPOOL UNIVERSITY HOSPITALS NHS FOUNDATION TRUST ,"1,602","1,602", -   , -   , -   ,MERSEYSIDE,L9 7AL
149,2019-20,December,Y62,REN, THE CLATTERBRIDGE CANCER CENTRE NHS FOUNDATION TRUST , THE CLATTERBRIDGE CANCER CENTRE NHS FOUNDATION TRUST ,82,82, -   , -   , -   ,MERSEYSIDE,CH63 4JY
150,2019-20,December,Y62,REP, LIVERPOOL WOMEN'S NHS FOUNDATION TRUST , LIVERPOOL WOMEN'S NHS FOUNDATION TRUST ,123,26, -   ,97, -   ,MERSEYSIDE,L8 7SS
151,2019-20,December,Y62,RET, THE WALTON CENTRE NHS FOUNDATION TRUST , THE WALTON CENTRE NHS FOUNDATION TRUST ,174,174, -   , -   , -   ,MERSEYSIDE,L9 7LJ
152,2019-20,December,Y62,RJN, EAST CHESHIRE NHS TRUST , EAST CHESHIRE NHS TRUST ,347,319, -   ,28, -   ,CHESHIRE,SK10 3BL
153,2019-20,December,Y62,RJR, COUNTESS OF CHESTER HOSPITAL NHS FOUNDATION TRUST , COUNTESS OF CHESTER HOSPITAL NHS FOUNDATION TRUST ,530,478, -   ,52, -   ,CHESHIRE,CH2 1UL
154,2019-20,December,Y62,RM3, SALFORD ROYAL NHS FOUNDATION TRUST , SALFORD ROYAL NHS FOUNDATION TRUST ,798,798, -   , -   , -   ,GREATER MANCHESTER,M6 8HD
155,2019-20,December,Y62,RMC, BOLTON NHS FOUNDATION TRUST , BOLTON NHS FOUNDATION TRUST ,663,585, -   ,78, -   ,LANCASHIRE,BL4 0JR
156,2019-20,December,Y62,RMP, TAMESIDE AND GLOSSOP INTEGRATED CARE NHS FOUNDATION TRUST , TAMESIDE AND GLOSSOP INTEGRATED CARE NHS FOUNDATION TRUST ,453,424, -   ,29, -   ,LANCASHIRE,OL6 9RW
157,2019-20,December,Y62,RRF," WRIGHTINGTON, WIGAN AND LEIGH NHS FOUNDATION TRUST "," WRIGHTINGTON, WIGAN AND LEIGH NHS FOUNDATION TRUST ",475,447, -   ,28, -   ,LANCASHIRE,WN1 2NN
158,2019-20,December,Y62,RT2, PENNINE CARE NHS FOUNDATION TRUST , PENNINE CARE NHS FOUNDATION TRUST ,514, -   , -   , -   ,514,LANCASHIRE,OL6 7SR
159,2019-20,December,Y62,RTV, NORTH WEST BOROUGHS HEALTHCARE NHS FOUNDATION TRUST , NORTH WEST BOROUGHS HEALTHCARE NHS FOUNDATION TRUST ,293, -   ,9, -   ,284,CHESHIRE,WA2 8WA
160,2019-20,December,Y62,RTX, UNIVERSITY HOSPITALS OF MORECAMBE BAY NHS FOUNDATION TRUST , UNIVERSITY HOSPITALS OF MORECAMBE BAY NHS FOUNDATION TRUST ,727,690, -   ,38, -   ,CUMBRIA,LA9 7RG
161,2019-20,December,Y62,RVY, SOUTHPORT AND ORMSKIRK HOSPITAL NHS TRUST , SOUTHPORT AND ORMSKIRK HOSPITAL NHS TRUST ,431,403, -   ,28, -   ,MERSEYSIDE,PR8 6PN
162,2019-20,December,Y62,RW4, MERSEY CARE NHS FOUNDATION TRUST , MERSEY CARE NHS FOUNDATION TRUST ,726, -   ,118, -   ,608,MERSEYSIDE,L3 1DL
163,2019-20,December,Y62,RW5, LANCASHIRE & SOUTH CUMBRIA NHS FOUNDATION TRUST , LANCASHIRE & SOUTH CUMBRIA NHS FOUNDATION TRUST ,557, -   , -   , -   ,557,LANCASHIRE,PR5 6AW
164,2019-20,December,Y62,RW6, PENNINE ACUTE HOSPITALS NHS TRUST , PENNINE ACUTE HOSPITALS NHS TRUST ,"1,243","1,122", -   ,122, -   ,GREATER MANCHESTER,M8 5RB
165,2019-20,December,Y62,RWJ, STOCKPORT NHS FOUNDATION TRUST , STOCKPORT NHS FOUNDATION TRUST ,660,618, -   ,42, -   ,CHESHIRE,SK2 7JE
166,2019-20,December,Y62,RWW, WARRINGTON AND HALTON TEACHING HOSPITALS NHS FOUNDATION TRUST , WARRINGTON AND HALTON TEACHING HOSPITALS NHS FOUNDATION TRUST ,583,543, -   ,40, -   ,CHESHIRE,WA5 1QG
167,2019-20,December,Y62,RXA, CHESHIRE AND WIRRAL PARTNERSHIP NHS FOUNDATION TRUST , CHESHIRE AND WIRRAL PARTNERSHIP NHS FOUNDATION TRUST ,319, -   ,53, -   ,266,CHESHIRE,CH2 1BQ
168,2019-20,December,Y62,RXL, BLACKPOOL TEACHING HOSPITALS NHS FOUNDATION TRUST , BLACKPOOL TEACHING HOSPITALS NHS FOUNDATION TRUST ,670,632, -   ,38, -   ,LANCASHIRE,FY3 8NR
169,2019-20,December,Y62,RXN, LANCASHIRE TEACHING HOSPITALS NHS FOUNDATION TRUST , LANCASHIRE TEACHING HOSPITALS NHS FOUNDATION TRUST ,866,804, -   ,62, -   ,LANCASHIRE,PR2 9HT
170,2019-20,December,Y62,RXR, EAST LANCASHIRE HOSPITALS NHS TRUST , EAST LANCASHIRE HOSPITALS NHS TRUST ,971,894, -   ,76, -   ,LANCASHIRE,BB2 3HH
171,2019-20,December,Y63,R0B, SOUTH TYNESIDE AND SUNDERLAND NHS FOUNDATION TRUST , SOUTH TYNESIDE AND SUNDERLAND NHS FOUNDATION TRUST ,"1,091","1,045",4,42, -   ,TYNE AND WEAR,NA
172,2019-20,December,Y63,RAE, BRADFORD TEACHING HOSPITALS NHS FOUNDATION TRUST , BRADFORD TEACHING HOSPITALS NHS FOUNDATION TRUST ,662,586, -   ,76, -   ,WEST YORKSHIRE,BD9 6RJ
173,2019-20,December,Y63,RCB, YORK TEACHING HOSPITAL NHS FOUNDATION TRUST , YORK TEACHING HOSPITAL NHS FOUNDATION TRUST ,"1,018",969, -   ,49, -   ,NORTH YORKSHIRE,YO31 8HE
174,2019-20,December,Y63,RCD, HARROGATE AND DISTRICT NHS FOUNDATION TRUST , HARROGATE AND DISTRICT NHS FOUNDATION TRUST ,336,308, -   ,28, -   ,NORTH YORKSHIRE,HG2 7SX
175,2019-20,December,Y63,RCF, AIREDALE NHS FOUNDATION TRUST , AIREDALE NHS FOUNDATION TRUST ,358,318, -   ,40, -   ,WEST YORKSHIRE,BD20 6TD
176,2019-20,December,Y63,RCU, SHEFFIELD CHILDREN'S NHS FOUNDATION TRUST , SHEFFIELD CHILDREN'S NHS FOUNDATION TRUST ,155,138, -   , -   ,17,SOUTH YORKSHIRE,S10 2TH
177,2019-20,December,Y63,RFF, BARNSLEY HOSPITAL NHS FOUNDATION TRUST , BARNSLEY HOSPITAL NHS FOUNDATION TRUST ,431,392, -   ,39, -   ,SOUTH YORKSHIRE,S75 2EP
178,2019-20,December,Y63,RFR, THE ROTHERHAM NHS FOUNDATION TRUST , THE ROTHERHAM NHS FOUNDATION TRUST ,467,443, -   ,24, -   ,SOUTH YORKSHIRE,S60 2UD
179,2019-20,December,Y63,RGD, LEEDS AND YORK PARTNERSHIP NHS FOUNDATION TRUST , LEEDS AND YORK PARTNERSHIP NHS FOUNDATION TRUST ,398, -   ,18, -   ,380,WEST YORKSHIRE,LS15 8ZB
180,2019-20,December,Y63,RHQ, SHEFFIELD TEACHING HOSPITALS NHS FOUNDATION TRUST , SHEFFIELD TEACHING HOSPITALS NHS FOUNDATION TRUST ,"1,443","1,363", -   ,80, -   ,SOUTH YORKSHIRE,S5 7AU
181,2019-20,December,Y63,RJL, NORTHERN LINCOLNSHIRE AND GOOLE NHS FOUNDATION TRUST , NORTHERN LINCOLNSHIRE AND GOOLE NHS FOUNDATION TRUST ,767,697, -   ,70, -   ,SOUTH HUMBERSIDE,DN33 2BA
182,2019-20,December,Y63,RNN, NORTH CUMBRIA INTEGRATED CARE NHS FOUNDATION TRUST , NORTH CUMBRIA INTEGRATED CARE NHS FOUNDATION TRUST ,615,575, -   ,40, -   ,CUMBRIA,CA1 3SX
183,2019-20,December,Y63,RP5, DONCASTER AND BASSETLAW TEACHING HOSPITALS NHS FOUNDATION TRUST , DONCASTER AND BASSETLAW TEACHING HOSPITALS NHS FOUNDATION TRUST ,805,728, -   ,77, -   ,SOUTH YORKSHIRE,DN2 5LT
184,2019-20,December,Y63,RR7, GATESHEAD HEALTH NHS FOUNDATION TRUST , GATESHEAD HEALTH NHS FOUNDATION TRUST ,524,476, -   ,16,32,TYNE AND WEAR,NE9 6SX
185,2019-20,December,Y63,RR8, LEEDS TEACHING HOSPITALS NHS TRUST , LEEDS TEACHING HOSPITALS NHS TRUST ,"1,849","1,705", -   ,145, -   ,WEST YORKSHIRE,LS9 7TF
186,2019-20,December,Y63,RTD, THE NEWCASTLE UPON TYNE HOSPITALS NHS FOUNDATION TRUST , THE NEWCASTLE UPON TYNE HOSPITALS NHS FOUNDATION TRUST ,"1,584","1,488", -   ,96, -   ,TYNE AND WEAR,NE7 7DN
187,2019-20,December,Y63,RTF, NORTHUMBRIA HEALTHCARE NHS FOUNDATION TRUST , NORTHUMBRIA HEALTHCARE NHS FOUNDATION TRUST ,904,841, -   ,35,27,TYNE AND WEAR,NE29 8NH
188,2019-20,December,Y63,RTR, SOUTH TEES HOSPITALS NHS FOUNDATION TRUST , SOUTH TEES HOSPITALS NHS FOUNDATION TRUST ,905,863, -   ,42, -   ,CLEVELAND,TS4 3BW
189,2019-20,December,Y63,RV9, HUMBER TEACHING NHS FOUNDATION TRUST , HUMBER TEACHING NHS FOUNDATION TRUST ,189, -   ,14, -   ,175,NORTH HUMBERSIDE,HU10 6ED
190,2019-20,December,Y63,RVW, NORTH TEES AND HARTLEPOOL NHS FOUNDATION TRUST , NORTH TEES AND HARTLEPOOL NHS FOUNDATION TRUST ,602,556, -   ,46, -   ,CLEVELAND,TS24 9AH
191,2019-20,December,Y63,RWA, HULL UNIVERSITY TEACHING HOSPITALS NHS TRUST , HULL UNIVERSITY TEACHING HOSPITALS NHS TRUST ,"1,085","1,009", -   ,76, -   ,NORTH HUMBERSIDE,HU3 2JZ
192,2019-20,December,Y63,RWY, CALDERDALE AND HUDDERSFIELD NHS FOUNDATION TRUST , CALDERDALE AND HUDDERSFIELD NHS FOUNDATION TRUST ,709,660, -   ,49, -   ,WEST YORKSHIRE,HD3 3EA
193,2019-20,December,Y63,RX3," TEES, ESK AND WEAR VALLEYS NHS FOUNDATION TRUST "," TEES, ESK AND WEAR VALLEYS NHS FOUNDATION TRUST ",777, -   ,125, -   ,652,COUNTY DURHAM,DL2 2TS
194,2019-20,December,Y63,RX4," CUMBRIA, NORTHUMBERLAND, TYNE AND WEAR NHS FOUNDATION TRUST "," CUMBRIA, NORTHUMBERLAND, TYNE AND WEAR NHS FOUNDATION TRUST ",829,59,125, -   ,645,TYNE AND WEAR,NE3 3XT
195,2019-20,December,Y63,RXE, ROTHERHAM DONCASTER AND SOUTH HUMBER NHS FOUNDATION TRUST , ROTHERHAM DONCASTER AND SOUTH HUMBER NHS FOUNDATION TRUST ,334,62, -   , -   ,272,SOUTH YORKSHIRE,DN4 8QN
196,2019-20,December,Y63,RXF, MID YORKSHIRE HOSPITALS NHS TRUST , MID YORKSHIRE HOSPITALS NHS TRUST ,"1,047",988, -   ,59, -   ,WEST YORKSHIRE,WF1 4EE
197,2019-20,December,Y63,RXG, SOUTH WEST YORKSHIRE PARTNERSHIP NHS FOUNDATION TRUST , SOUTH WEST YORKSHIRE PARTNERSHIP NHS FOUNDATION TRUST ,471,24,24, -   ,423,WEST YORKSHIRE,WF1 3SP
198,2019-20,December,Y63,RXP, COUNTY DURHAM AND DARLINGTON NHS FOUNDATION TRUST , COUNTY DURHAM AND DARLINGTON NHS FOUNDATION TRUST ,922,853, -   ,69, -   ,COUNTY DURHAM,DL3 6HX
199,2019-20,December,Y63,RY6, LEEDS COMMUNITY HEALTHCARE NHS TRUST , LEEDS COMMUNITY HEALTHCARE NHS TRUST ,11,3, -   , -   ,8,WEST YORKSHIRE,LS6 1PF
200,2019-20,December,Y63,TAD, BRADFORD DISTRICT CARE NHS FOUNDATION TRUST , BRADFORD DISTRICT CARE NHS FOUNDATION TRUST ,206, -   ,6, -   ,200,WEST YORKSHIRE,NA
201,2019-20,December,Y63,TAH, SHEFFIELD HEALTH & SOCIAL CARE NHS FOUNDATION TRUST , SHEFFIELD HEALTH & SOCIAL CARE NHS FOUNDATION TRUST ,161, -   ,7, -   ,154,SOUTH YORKSHIRE,NA